{
    "properties": {
        "__categories": [
            {
                "expanded": true,
                "id": "screen",
                "visible": true
            }
        ],
        "__groups": [
        ],
        "id": {
            "enabled": true,
            "type": "uuid",
            "value": "{3f0c647f-cd70-4043-b251-5556793bca49}",
            "visible": true
        },
        "name": {
            "enabled": true,
            "type": "text",
            "value": "Screen0",
            "visible": true
        }
    },
    "startup": true,
    "window": {
        "children": [
            {
                "children": [
                    {
                        "properties": {
                            "__categories": [
                                {
                                    "expanded": true,
                                    "id": "widget",
                                    "visible": true
                                },
                                {
                                    "expanded": true,
                                    "id": "textwidget",
                                    "visible": true
                                },
                                {
                                    "expanded": true,
                                    "id": "imageholder",
                                    "visible": true
                                }
                            ],
                            "__groups": [
                                {
                                    "expanded": false,
                                    "id": "position",
                                    "visible": true
                                },
                                {
                                    "expanded": false,
                                    "id": "size",
                                    "visible": true
                                },
                                {
                                    "expanded": false,
                                    "id": "alignment",
                                    "visible": true
                                },
                                {
                                    "expanded": false,
                                    "id": "text_alignment",
                                    "visible": true
                                },
                                {
                                    "expanded": false,
                                    "id": "imageholder_scale",
                                    "visible": true
                                }
                            ],
                            "autoresize": {
                                "enabled": true,
                                "type": "boolean",
                                "value": false,
                                "visible": true
                            },
                            "border": {
                                "enabled": true,
                                "type": "integer",
                                "value": 0,
                                "visible": true
                            },
                            "border_radius": {
                                "enabled": true,
                                "type": "float",
                                "value": 0,
                                "visible": true
                            },
                            "editorExpanded": {
                                "enabled": true,
                                "type": "boolean",
                                "value": true,
                                "visible": true
                            },
                            "editorHidden": {
                                "enabled": true,
                                "type": "boolean",
                                "value": false,
                                "visible": true
                            },
                            "editorLocked": {
                                "enabled": true,
                                "type": "boolean",
                                "value": false,
                                "visible": true
                            },
                            "enabled": {
                                "enabled": true,
                                "type": "boolean",
                                "value": true,
                                "visible": true
                            },
                            "grabmouse": {
                                "enabled": true,
                                "type": "boolean",
                                "value": false,
                                "visible": true
                            },
                            "halign": {
                                "enabled": true,
                                "type": "combo",
                                "value": 2,
                                "visible": true
                            },
                            "height": {
                                "enabled": true,
                                "type": "integer",
                                "value": 84,
                                "visible": true
                            },
                            "id": {
                                "enabled": true,
                                "type": "uuid",
                                "value": "{f96fdf9b-91bf-431d-a7e8-e304b17908d0}",
                                "visible": true
                            },
                            "imageholder_auto_scale_image": {
                                "enabled": true,
                                "type": "boolean",
                                "value": true,
                                "visible": true
                            },
                            "imageholder_hscale": {
                                "enabled": false,
                                "type": "float",
                                "value": 0.7645429372787476,
                                "visible": true
                            },
                            "imageholder_image_align": {
                                "enabled": true,
                                "type": "combo",
                                "value": 2,
                                "visible": true
                            },
                            "imageholder_keep_image_ratio": {
                                "enabled": true,
                                "type": "boolean",
                                "value": true,
                                "visible": true
                            },
                            "imageholder_show_label": {
                                "enabled": true,
                                "type": "boolean",
                                "value": false,
                                "visible": true
                            },
                            "imageholder_uri": {
                                "enabled": true,
                                "type": "image",
                                "value": "file:mchp-logo.png",
                                "visible": true
                            },
                            "imageholder_vscale": {
                                "enabled": false,
                                "type": "float",
                                "value": 0.761904776096344,
                                "visible": true
                            },
                            "layout": {
                                "enabled": true,
                                "type": "boolean",
                                "value": true,
                                "visible": true
                            },
                            "margin": {
                                "enabled": true,
                                "type": "integer",
                                "value": 0,
                                "visible": true
                            },
                            "name": {
                                "enabled": true,
                                "type": "text",
                                "value": "ImageLabel10",
                                "visible": true
                            },
                            "padding": {
                                "enabled": true,
                                "type": "integer",
                                "value": 10,
                                "visible": true
                            },
                            "text": {
                                "enabled": true,
                                "type": "text",
                                "value": "ImageLabel10",
                                "visible": true
                            },
                            "text_halign": {
                                "enabled": true,
                                "type": "combo",
                                "value": 1,
                                "visible": true
                            },
                            "text_valign": {
                                "enabled": true,
                                "type": "combo",
                                "value": 1,
                                "visible": true
                            },
                            "valign": {
                                "enabled": true,
                                "type": "combo",
                                "value": 0,
                                "visible": true
                            },
                            "visible": {
                                "enabled": true,
                                "type": "boolean",
                                "value": true,
                                "visible": true
                            },
                            "widget_fillflags": {
                                "enabled": true,
                                "type": "combo",
                                "value": 0,
                                "visible": true
                            },
                            "widget_font": {
                                "enabled": true,
                                "type": "font",
                                "visible": true
                            },
                            "widget_palette": {
                                "enabled": true,
                                "type": "Palette",
                                "visible": true
                            },
                            "width": {
                                "enabled": true,
                                "type": "integer",
                                "value": 361,
                                "visible": true
                            },
                            "x": {
                                "enabled": true,
                                "type": "integer",
                                "value": 0,
                                "visible": true
                            },
                            "y": {
                                "enabled": true,
                                "type": "integer",
                                "value": 8,
                                "visible": true
                            }
                        },
                        "type": "ImageLabelWidget"
                    },
                    {
                        "properties": {
                            "__categories": [
                                {
                                    "expanded": true,
                                    "id": "widget",
                                    "visible": true
                                },
                                {
                                    "expanded": true,
                                    "id": "textwidget",
                                    "visible": true
                                }
                            ],
                            "__groups": [
                                {
                                    "expanded": false,
                                    "id": "position",
                                    "visible": true
                                },
                                {
                                    "expanded": false,
                                    "id": "size",
                                    "visible": true
                                },
                                {
                                    "expanded": false,
                                    "id": "alignment",
                                    "visible": true
                                },
                                {
                                    "expanded": false,
                                    "id": "text_alignment",
                                    "visible": true
                                }
                            ],
                            "autoresize": {
                                "enabled": true,
                                "type": "boolean",
                                "value": false,
                                "visible": true
                            },
                            "border": {
                                "enabled": true,
                                "type": "integer",
                                "value": 0,
                                "visible": true
                            },
                            "border_radius": {
                                "enabled": true,
                                "type": "float",
                                "value": 0,
                                "visible": true
                            },
                            "editorExpanded": {
                                "enabled": true,
                                "type": "boolean",
                                "value": true,
                                "visible": true
                            },
                            "editorHidden": {
                                "enabled": true,
                                "type": "boolean",
                                "value": false,
                                "visible": true
                            },
                            "editorLocked": {
                                "enabled": true,
                                "type": "boolean",
                                "value": false,
                                "visible": true
                            },
                            "enabled": {
                                "enabled": true,
                                "type": "boolean",
                                "value": true,
                                "visible": true
                            },
                            "grabmouse": {
                                "enabled": true,
                                "type": "boolean",
                                "value": false,
                                "visible": true
                            },
                            "halign": {
                                "enabled": true,
                                "type": "combo",
                                "value": 4,
                                "visible": true
                            },
                            "height": {
                                "enabled": true,
                                "type": "integer",
                                "value": 100,
                                "visible": true
                            },
                            "id": {
                                "enabled": true,
                                "type": "uuid",
                                "value": "{a5d0ab13-faf0-4b57-b254-a7a53d21e7b0}",
                                "visible": true
                            },
                            "layout": {
                                "enabled": true,
                                "type": "boolean",
                                "value": true,
                                "visible": true
                            },
                            "margin": {
                                "enabled": true,
                                "type": "integer",
                                "value": 0,
                                "visible": true
                            },
                            "name": {
                                "enabled": true,
                                "type": "text",
                                "value": "banner-1",
                                "visible": true
                            },
                            "padding": {
                                "enabled": true,
                                "type": "integer",
                                "value": 10,
                                "visible": true
                            },
                            "text": {
                                "enabled": true,
                                "type": "text",
                                "value": "PTC-CAE IMS Kiosk",
                                "visible": true
                            },
                            "text_halign": {
                                "enabled": true,
                                "type": "combo",
                                "value": 3,
                                "visible": true
                            },
                            "text_valign": {
                                "enabled": true,
                                "type": "combo",
                                "value": 3,
                                "visible": true
                            },
                            "valign": {
                                "enabled": true,
                                "type": "combo",
                                "value": 1,
                                "visible": true
                            },
                            "visible": {
                                "enabled": true,
                                "type": "boolean",
                                "value": true,
                                "visible": true
                            },
                            "widget_fillflags": {
                                "enabled": true,
                                "type": "combo",
                                "value": 0,
                                "visible": true
                            },
                            "widget_font": {
                                "enabled": true,
                                "type": "font",
                                "value": {
                                    "family": "Ubuntu",
                                    "pointSize": 24,
                                    "style": 0,
                                    "weight": 50
                                },
                                "visible": true
                            },
                            "widget_palette": {
                                "enabled": true,
                                "type": "Palette",
                                "visible": true
                            },
                            "width": {
                                "enabled": true,
                                "type": "integer",
                                "value": 439,
                                "visible": true
                            },
                            "x": {
                                "enabled": true,
                                "type": "integer",
                                "value": 361,
                                "visible": true
                            },
                            "y": {
                                "enabled": true,
                                "type": "integer",
                                "value": 0,
                                "visible": true
                            }
                        },
                        "type": "LabelWidget"
                    }
                ],
                "properties": {
                    "__categories": [
                        {
                            "expanded": true,
                            "id": "widget",
                            "visible": true
                        },
                        {
                            "expanded": true,
                            "id": "boxsizer",
                            "visible": true
                        }
                    ],
                    "__groups": [
                        {
                            "expanded": false,
                            "id": "position",
                            "visible": true
                        },
                        {
                            "expanded": false,
                            "id": "size",
                            "visible": true
                        },
                        {
                            "expanded": false,
                            "id": "alignment",
                            "visible": true
                        }
                    ],
                    "autoresize": {
                        "enabled": true,
                        "type": "boolean",
                        "value": true,
                        "visible": true
                    },
                    "border": {
                        "enabled": true,
                        "type": "integer",
                        "value": 0,
                        "visible": true
                    },
                    "border_radius": {
                        "enabled": true,
                        "type": "float",
                        "value": 0,
                        "visible": true
                    },
                    "editorExpanded": {
                        "enabled": true,
                        "type": "boolean",
                        "value": true,
                        "visible": true
                    },
                    "editorHidden": {
                        "enabled": true,
                        "type": "boolean",
                        "value": false,
                        "visible": true
                    },
                    "editorLocked": {
                        "enabled": true,
                        "type": "boolean",
                        "value": false,
                        "visible": true
                    },
                    "enabled": {
                        "enabled": true,
                        "type": "boolean",
                        "value": true,
                        "visible": true
                    },
                    "grabmouse": {
                        "enabled": true,
                        "type": "boolean",
                        "value": false,
                        "visible": true
                    },
                    "halign": {
                        "enabled": true,
                        "type": "combo",
                        "value": 4,
                        "visible": true
                    },
                    "height": {
                        "enabled": true,
                        "type": "integer",
                        "value": 100,
                        "visible": true
                    },
                    "id": {
                        "enabled": true,
                        "type": "uuid",
                        "value": "{5dd82e25-4921-4804-b5ec-66df351c223c}",
                        "visible": true
                    },
                    "justification": {
                        "enabled": true,
                        "type": "combo",
                        "value": 0,
                        "visible": true
                    },
                    "layout": {
                        "enabled": true,
                        "type": "boolean",
                        "value": true,
                        "visible": true
                    },
                    "margin": {
                        "enabled": true,
                        "type": "integer",
                        "value": 0,
                        "visible": true
                    },
                    "name": {
                        "enabled": true,
                        "type": "text",
                        "value": "hbox-sizer-1",
                        "visible": true
                    },
                    "padding": {
                        "enabled": true,
                        "type": "integer",
                        "value": 0,
                        "visible": true
                    },
                    "valign": {
                        "enabled": true,
                        "type": "combo",
                        "value": 2,
                        "visible": true
                    },
                    "visible": {
                        "enabled": true,
                        "type": "boolean",
                        "value": true,
                        "visible": true
                    },
                    "widget_fillflags": {
                        "enabled": true,
                        "type": "combo",
                        "value": 0,
                        "visible": true
                    },
                    "widget_font": {
                        "enabled": true,
                        "type": "font",
                        "visible": true
                    },
                    "widget_palette": {
                        "enabled": true,
                        "type": "Palette",
                        "visible": true
                    },
                    "width": {
                        "enabled": true,
                        "type": "integer",
                        "value": 800,
                        "visible": true
                    },
                    "x": {
                        "enabled": true,
                        "type": "integer",
                        "value": 0,
                        "visible": true
                    },
                    "y": {
                        "enabled": true,
                        "type": "integer",
                        "value": 0,
                        "visible": true
                    }
                },
                "type": "HorizontalBoxSizerWidget"
            },
            {
                "children": [
                    {
                        "properties": {
                            "__categories": [
                                {
                                    "expanded": true,
                                    "id": "widget",
                                    "visible": true
                                },
                                {
                                    "expanded": true,
                                    "id": "textwidget",
                                    "visible": true
                                },
                                {
                                    "expanded": true,
                                    "id": "textbox",
                                    "visible": true
                                }
                            ],
                            "__groups": [
                                {
                                    "expanded": false,
                                    "id": "position",
                                    "visible": true
                                },
                                {
                                    "expanded": false,
                                    "id": "size",
                                    "visible": true
                                },
                                {
                                    "expanded": false,
                                    "id": "alignment",
                                    "visible": true
                                },
                                {
                                    "expanded": false,
                                    "id": "text_alignment",
                                    "visible": true
                                }
                            ],
                            "autoresize": {
                                "enabled": true,
                                "type": "boolean",
                                "value": true,
                                "visible": true
                            },
                            "border": {
                                "enabled": true,
                                "type": "integer",
                                "value": 2,
                                "visible": true
                            },
                            "border_radius": {
                                "enabled": true,
                                "type": "float",
                                "value": 4,
                                "visible": true
                            },
                            "editorExpanded": {
                                "enabled": true,
                                "type": "boolean",
                                "value": true,
                                "visible": true
                            },
                            "editorHidden": {
                                "enabled": true,
                                "type": "boolean",
                                "value": false,
                                "visible": true
                            },
                            "editorLocked": {
                                "enabled": true,
                                "type": "boolean",
                                "value": false,
                                "visible": true
                            },
                            "enabled": {
                                "enabled": true,
                                "type": "boolean",
                                "value": true,
                                "visible": true
                            },
                            "fit_to_width": {
                                "enabled": true,
                                "type": "boolean",
                                "value": false,
                                "visible": true
                            },
                            "grabmouse": {
                                "enabled": true,
                                "type": "boolean",
                                "value": false,
                                "visible": true
                            },
                            "halign": {
                                "enabled": true,
                                "type": "combo",
                                "value": 0,
                                "visible": true
                            },
                            "height": {
                                "enabled": true,
                                "type": "integer",
                                "value": 75,
                                "visible": true
                            },
                            "id": {
                                "enabled": true,
                                "type": "uuid",
                                "value": "{ef5119af-7b7a-4557-b5e1-714cc7b3f9ef}",
                                "visible": true
                            },
                            "layout": {
                                "enabled": true,
                                "type": "boolean",
                                "value": true,
                                "visible": true
                            },
                            "margin": {
                                "enabled": true,
                                "type": "integer",
                                "value": 0,
                                "visible": true
                            },
                            "max_length": {
                                "enabled": true,
                                "type": "integer",
                                "value": 0,
                                "visible": true
                            },
                            "multiline": {
                                "enabled": true,
                                "type": "boolean",
                                "value": false,
                                "visible": true
                            },
                            "name": {
                                "enabled": true,
                                "type": "text",
                                "value": "textbox-user-1",
                                "visible": true
                            },
                            "no_virt_keyboard": {
                                "enabled": true,
                                "type": "boolean",
                                "value": false,
                                "visible": true
                            },
                            "padding": {
                                "enabled": true,
                                "type": "integer",
                                "value": 5,
                                "visible": true
                            },
                            "text": {
                                "enabled": true,
                                "type": "text",
                                "value": "Type Badge ID here...",
                                "visible": true
                            },
                            "text_halign": {
                                "enabled": true,
                                "type": "combo",
                                "value": 4,
                                "visible": true
                            },
                            "text_valign": {
                                "enabled": true,
                                "type": "combo",
                                "value": 4,
                                "visible": true
                            },
                            "valign": {
                                "enabled": true,
                                "type": "combo",
                                "value": 0,
                                "visible": true
                            },
                            "visible": {
                                "enabled": true,
                                "type": "boolean",
                                "value": true,
                                "visible": true
                            },
                            "widget_fillflags": {
                                "enabled": true,
                                "type": "combo",
                                "value": 2,
                                "visible": true
                            },
                            "widget_font": {
                                "enabled": true,
                                "type": "font",
                                "visible": true
                            },
                            "widget_palette": {
                                "enabled": true,
                                "type": "Palette",
                                "visible": true
                            },
                            "width": {
                                "enabled": true,
                                "type": "integer",
                                "value": 360,
                                "visible": true
                            },
                            "word_wrap": {
                                "enabled": true,
                                "type": "boolean",
                                "value": false,
                                "visible": true
                            },
                            "x": {
                                "enabled": true,
                                "type": "integer",
                                "value": 69,
                                "visible": true
                            },
                            "y": {
                                "enabled": true,
                                "type": "integer",
                                "value": 12,
                                "visible": true
                            }
                        },
                        "type": "TextBoxWidget"
                    },
                    {
                        "properties": {
                            "__categories": [
                                {
                                    "expanded": true,
                                    "id": "widget",
                                    "visible": true
                                },
                                {
                                    "expanded": true,
                                    "id": "textwidget",
                                    "visible": true
                                },
                                {
                                    "expanded": true,
                                    "id": "button",
                                    "visible": true
                                }
                            ],
                            "__groups": [
                                {
                                    "expanded": false,
                                    "id": "position",
                                    "visible": true
                                },
                                {
                                    "expanded": false,
                                    "id": "size",
                                    "visible": true
                                },
                                {
                                    "expanded": false,
                                    "id": "alignment",
                                    "visible": true
                                },
                                {
                                    "expanded": false,
                                    "id": "text_alignment",
                                    "visible": true
                                }
                            ],
                            "autoresize": {
                                "enabled": true,
                                "type": "boolean",
                                "value": false,
                                "visible": true
                            },
                            "border": {
                                "enabled": true,
                                "type": "integer",
                                "value": 0,
                                "visible": true
                            },
                            "border_radius": {
                                "enabled": true,
                                "type": "float",
                                "value": 4,
                                "visible": true
                            },
                            "checked": {
                                "enabled": true,
                                "type": "boolean",
                                "value": false,
                                "visible": true
                            },
                            "editorExpanded": {
                                "enabled": true,
                                "type": "boolean",
                                "value": true,
                                "visible": true
                            },
                            "editorHidden": {
                                "enabled": true,
                                "type": "boolean",
                                "value": false,
                                "visible": true
                            },
                            "editorLocked": {
                                "enabled": true,
                                "type": "boolean",
                                "value": false,
                                "visible": true
                            },
                            "enabled": {
                                "enabled": true,
                                "type": "boolean",
                                "value": true,
                                "visible": true
                            },
                            "grabmouse": {
                                "enabled": true,
                                "type": "boolean",
                                "value": false,
                                "visible": true
                            },
                            "halign": {
                                "enabled": true,
                                "type": "combo",
                                "value": 0,
                                "visible": true
                            },
                            "height": {
                                "enabled": true,
                                "type": "integer",
                                "value": 87,
                                "visible": true
                            },
                            "id": {
                                "enabled": true,
                                "type": "uuid",
                                "value": "{48d185b3-8463-4c42-a4fe-df06ae978d06}",
                                "visible": true
                            },
                            "layout": {
                                "enabled": true,
                                "type": "boolean",
                                "value": true,
                                "visible": true
                            },
                            "margin": {
                                "enabled": true,
                                "type": "integer",
                                "value": 5,
                                "visible": true
                            },
                            "name": {
                                "enabled": true,
                                "type": "text",
                                "value": "find-user-1",
                                "visible": true
                            },
                            "padding": {
                                "enabled": true,
                                "type": "integer",
                                "value": 0,
                                "visible": true
                            },
                            "text": {
                                "enabled": true,
                                "type": "text",
                                "value": "Find User",
                                "visible": true
                            },
                            "text_halign": {
                                "enabled": true,
                                "type": "combo",
                                "value": 1,
                                "visible": true
                            },
                            "text_valign": {
                                "enabled": true,
                                "type": "combo",
                                "value": 1,
                                "visible": true
                            },
                            "valign": {
                                "enabled": true,
                                "type": "combo",
                                "value": 0,
                                "visible": true
                            },
                            "visible": {
                                "enabled": true,
                                "type": "boolean",
                                "value": true,
                                "visible": true
                            },
                            "widget_fillflags": {
                                "enabled": true,
                                "type": "combo",
                                "value": 2,
                                "visible": true
                            },
                            "widget_font": {
                                "enabled": true,
                                "type": "font",
                                "visible": true
                            },
                            "widget_palette": {
                                "enabled": true,
                                "type": "Palette",
                                "visible": true
                            },
                            "width": {
                                "enabled": true,
                                "type": "integer",
                                "value": 162,
                                "visible": true
                            },
                            "x": {
                                "enabled": true,
                                "type": "integer",
                                "value": 429,
                                "visible": true
                            },
                            "y": {
                                "enabled": true,
                                "type": "integer",
                                "value": 6,
                                "visible": true
                            }
                        },
                        "type": "ButtonWidget"
                    },
                    {
                        "properties": {
                            "__categories": [
                                {
                                    "expanded": true,
                                    "id": "widget",
                                    "visible": true
                                },
                                {
                                    "expanded": true,
                                    "id": "textwidget",
                                    "visible": true
                                },
                                {
                                    "expanded": true,
                                    "id": "button",
                                    "visible": true
                                }
                            ],
                            "__groups": [
                                {
                                    "expanded": false,
                                    "id": "position",
                                    "visible": true
                                },
                                {
                                    "expanded": false,
                                    "id": "size",
                                    "visible": true
                                },
                                {
                                    "expanded": false,
                                    "id": "alignment",
                                    "visible": true
                                },
                                {
                                    "expanded": false,
                                    "id": "text_alignment",
                                    "visible": true
                                }
                            ],
                            "autoresize": {
                                "enabled": true,
                                "type": "boolean",
                                "value": false,
                                "visible": true
                            },
                            "border": {
                                "enabled": true,
                                "type": "integer",
                                "value": 0,
                                "visible": true
                            },
                            "border_radius": {
                                "enabled": true,
                                "type": "float",
                                "value": 0,
                                "visible": true
                            },
                            "checked": {
                                "enabled": true,
                                "type": "boolean",
                                "value": false,
                                "visible": true
                            },
                            "editorExpanded": {
                                "enabled": true,
                                "type": "boolean",
                                "value": true,
                                "visible": true
                            },
                            "editorHidden": {
                                "enabled": true,
                                "type": "boolean",
                                "value": false,
                                "visible": true
                            },
                            "editorLocked": {
                                "enabled": true,
                                "type": "boolean",
                                "value": false,
                                "visible": true
                            },
                            "enabled": {
                                "enabled": true,
                                "type": "boolean",
                                "value": true,
                                "visible": true
                            },
                            "grabmouse": {
                                "enabled": true,
                                "type": "boolean",
                                "value": false,
                                "visible": true
                            },
                            "halign": {
                                "enabled": true,
                                "type": "combo",
                                "value": 0,
                                "visible": true
                            },
                            "height": {
                                "enabled": true,
                                "type": "integer",
                                "value": 87,
                                "visible": true
                            },
                            "id": {
                                "enabled": true,
                                "type": "uuid",
                                "value": "{e56518aa-2736-4e05-a025-ffd387ffd87d}",
                                "visible": true
                            },
                            "layout": {
                                "enabled": true,
                                "type": "boolean",
                                "value": true,
                                "visible": true
                            },
                            "margin": {
                                "enabled": true,
                                "type": "integer",
                                "value": 5,
                                "visible": true
                            },
                            "name": {
                                "enabled": true,
                                "type": "text",
                                "value": "ok-1",
                                "visible": true
                            },
                            "padding": {
                                "enabled": true,
                                "type": "integer",
                                "value": 5,
                                "visible": true
                            },
                            "text": {
                                "enabled": true,
                                "type": "text",
                                "value": "Ok",
                                "visible": true
                            },
                            "text_halign": {
                                "enabled": true,
                                "type": "combo",
                                "value": 1,
                                "visible": true
                            },
                            "text_valign": {
                                "enabled": true,
                                "type": "combo",
                                "value": 1,
                                "visible": true
                            },
                            "valign": {
                                "enabled": true,
                                "type": "combo",
                                "value": 0,
                                "visible": true
                            },
                            "visible": {
                                "enabled": true,
                                "type": "boolean",
                                "value": true,
                                "visible": true
                            },
                            "widget_fillflags": {
                                "enabled": true,
                                "type": "combo",
                                "value": 2,
                                "visible": true
                            },
                            "widget_font": {
                                "enabled": true,
                                "type": "font",
                                "visible": true
                            },
                            "widget_palette": {
                                "enabled": true,
                                "type": "Palette",
                                "visible": true
                            },
                            "width": {
                                "enabled": true,
                                "type": "integer",
                                "value": 140,
                                "visible": true
                            },
                            "x": {
                                "enabled": true,
                                "type": "integer",
                                "value": 591,
                                "visible": true
                            },
                            "y": {
                                "enabled": true,
                                "type": "integer",
                                "value": 6,
                                "visible": true
                            }
                        },
                        "type": "ButtonWidget"
                    }
                ],
                "properties": {
                    "__categories": [
                        {
                            "expanded": true,
                            "id": "widget",
                            "visible": true
                        },
                        {
                            "expanded": true,
                            "id": "boxsizer",
                            "visible": true
                        }
                    ],
                    "__groups": [
                        {
                            "expanded": false,
                            "id": "position",
                            "visible": true
                        },
                        {
                            "expanded": false,
                            "id": "size",
                            "visible": true
                        },
                        {
                            "expanded": false,
                            "id": "alignment",
                            "visible": true
                        }
                    ],
                    "autoresize": {
                        "enabled": true,
                        "type": "boolean",
                        "value": true,
                        "visible": true
                    },
                    "border": {
                        "enabled": true,
                        "type": "integer",
                        "value": 0,
                        "visible": true
                    },
                    "border_radius": {
                        "enabled": true,
                        "type": "float",
                        "value": 0,
                        "visible": true
                    },
                    "editorExpanded": {
                        "enabled": true,
                        "type": "boolean",
                        "value": true,
                        "visible": true
                    },
                    "editorHidden": {
                        "enabled": true,
                        "type": "boolean",
                        "value": false,
                        "visible": true
                    },
                    "editorLocked": {
                        "enabled": true,
                        "type": "boolean",
                        "value": false,
                        "visible": true
                    },
                    "enabled": {
                        "enabled": true,
                        "type": "boolean",
                        "value": true,
                        "visible": true
                    },
                    "grabmouse": {
                        "enabled": true,
                        "type": "boolean",
                        "value": false,
                        "visible": true
                    },
                    "halign": {
                        "enabled": true,
                        "type": "combo",
                        "value": 4,
                        "visible": true
                    },
                    "height": {
                        "enabled": true,
                        "type": "integer",
                        "value": 100,
                        "visible": true
                    },
                    "id": {
                        "enabled": true,
                        "type": "uuid",
                        "value": "{f500244c-220b-449b-bf9c-ed591b71686d}",
                        "visible": true
                    },
                    "justification": {
                        "enabled": true,
                        "type": "combo",
                        "value": 2,
                        "visible": true
                    },
                    "layout": {
                        "enabled": true,
                        "type": "boolean",
                        "value": true,
                        "visible": true
                    },
                    "margin": {
                        "enabled": true,
                        "type": "integer",
                        "value": 0,
                        "visible": true
                    },
                    "name": {
                        "enabled": true,
                        "type": "text",
                        "value": "hbox-sizer-2",
                        "visible": true
                    },
                    "padding": {
                        "enabled": true,
                        "type": "integer",
                        "value": 0,
                        "visible": true
                    },
                    "valign": {
                        "enabled": true,
                        "type": "combo",
                        "value": 3,
                        "visible": true
                    },
                    "visible": {
                        "enabled": true,
                        "type": "boolean",
                        "value": true,
                        "visible": true
                    },
                    "widget_fillflags": {
                        "enabled": true,
                        "type": "combo",
                        "value": 0,
                        "visible": true
                    },
                    "widget_font": {
                        "enabled": true,
                        "type": "font",
                        "visible": true
                    },
                    "widget_palette": {
                        "enabled": true,
                        "type": "Palette",
                        "visible": true
                    },
                    "width": {
                        "enabled": true,
                        "type": "integer",
                        "value": 800,
                        "visible": true
                    },
                    "x": {
                        "enabled": true,
                        "type": "integer",
                        "value": 0,
                        "visible": true
                    },
                    "y": {
                        "enabled": true,
                        "type": "integer",
                        "value": 380,
                        "visible": true
                    }
                },
                "type": "HorizontalBoxSizerWidget"
            },
            {
                "children": [
                    {
                        "properties": {
                            "__categories": [
                                {
                                    "expanded": true,
                                    "id": "widget",
                                    "visible": true
                                },
                                {
                                    "expanded": true,
                                    "id": "textwidget",
                                    "visible": true
                                }
                            ],
                            "__groups": [
                                {
                                    "expanded": false,
                                    "id": "position",
                                    "visible": true
                                },
                                {
                                    "expanded": false,
                                    "id": "size",
                                    "visible": true
                                },
                                {
                                    "expanded": true,
                                    "id": "alignment",
                                    "visible": true
                                },
                                {
                                    "expanded": false,
                                    "id": "text_alignment",
                                    "visible": true
                                }
                            ],
                            "autoresize": {
                                "enabled": true,
                                "type": "boolean",
                                "value": true,
                                "visible": true
                            },
                            "border": {
                                "enabled": true,
                                "type": "integer",
                                "value": 0,
                                "visible": true
                            },
                            "border_radius": {
                                "enabled": true,
                                "type": "float",
                                "value": 0,
                                "visible": true
                            },
                            "editorExpanded": {
                                "enabled": true,
                                "type": "boolean",
                                "value": true,
                                "visible": true
                            },
                            "editorHidden": {
                                "enabled": true,
                                "type": "boolean",
                                "value": false,
                                "visible": true
                            },
                            "editorLocked": {
                                "enabled": true,
                                "type": "boolean",
                                "value": false,
                                "visible": true
                            },
                            "enabled": {
                                "enabled": true,
                                "type": "boolean",
                                "value": true,
                                "visible": true
                            },
                            "grabmouse": {
                                "enabled": true,
                                "type": "boolean",
                                "value": false,
                                "visible": true
                            },
                            "halign": {
                                "enabled": true,
                                "type": "combo",
                                "value": 2,
                                "visible": true
                            },
                            "height": {
                                "enabled": true,
                                "type": "integer",
                                "value": 258,
                                "visible": true
                            },
                            "id": {
                                "enabled": true,
                                "type": "uuid",
                                "value": "{e24869ce-2003-46ba-85ec-bf8e2a6c1f9f}",
                                "visible": true
                            },
                            "layout": {
                                "enabled": true,
                                "type": "boolean",
                                "value": true,
                                "visible": true
                            },
                            "margin": {
                                "enabled": true,
                                "type": "integer",
                                "value": 0,
                                "visible": true
                            },
                            "name": {
                                "enabled": true,
                                "type": "text",
                                "value": "userdata-1",
                                "visible": true
                            },
                            "padding": {
                                "enabled": true,
                                "type": "integer",
                                "value": 0,
                                "visible": true
                            },
                            "text": {
                                "enabled": true,
                                "type": "text",
                                "value": "IMS User Information",
                                "visible": true
                            },
                            "text_halign": {
                                "enabled": true,
                                "type": "combo",
                                "value": 2,
                                "visible": true
                            },
                            "text_valign": {
                                "enabled": true,
                                "type": "combo",
                                "value": 2,
                                "visible": true
                            },
                            "valign": {
                                "enabled": true,
                                "type": "combo",
                                "value": 1,
                                "visible": true
                            },
                            "visible": {
                                "enabled": true,
                                "type": "boolean",
                                "value": true,
                                "visible": true
                            },
                            "widget_fillflags": {
                                "enabled": true,
                                "type": "combo",
                                "value": 0,
                                "visible": true
                            },
                            "widget_font": {
                                "enabled": true,
                                "type": "font",
                                "value": {
                                    "family": "Ubuntu",
                                    "pointSize": 16,
                                    "style": 0,
                                    "weight": 50
                                },
                                "visible": true
                            },
                            "widget_palette": {
                                "enabled": true,
                                "type": "Palette",
                                "visible": true
                            },
                            "width": {
                                "enabled": true,
                                "type": "integer",
                                "value": 430,
                                "visible": true
                            },
                            "x": {
                                "enabled": true,
                                "type": "integer",
                                "value": 39,
                                "visible": true
                            },
                            "y": {
                                "enabled": true,
                                "type": "integer",
                                "value": 11,
                                "visible": true
                            }
                        },
                        "type": "LabelWidget"
                    },
                    {
                        "children": [
                        ],
                        "properties": {
                            "__categories": [
                                {
                                    "expanded": true,
                                    "id": "widget",
                                    "visible": true
                                }
                            ],
                            "__groups": [
                                {
                                    "expanded": false,
                                    "id": "position",
                                    "visible": true
                                },
                                {
                                    "expanded": false,
                                    "id": "size",
                                    "visible": true
                                },
                                {
                                    "expanded": true,
                                    "id": "alignment",
                                    "visible": true
                                }
                            ],
                            "autoresize": {
                                "enabled": true,
                                "type": "boolean",
                                "value": true,
                                "visible": true
                            },
                            "border": {
                                "enabled": true,
                                "type": "integer",
                                "value": 0,
                                "visible": true
                            },
                            "border_radius": {
                                "enabled": true,
                                "type": "float",
                                "value": 0,
                                "visible": true
                            },
                            "editorExpanded": {
                                "enabled": true,
                                "type": "boolean",
                                "value": true,
                                "visible": true
                            },
                            "editorHidden": {
                                "enabled": true,
                                "type": "boolean",
                                "value": false,
                                "visible": true
                            },
                            "editorLocked": {
                                "enabled": true,
                                "type": "boolean",
                                "value": false,
                                "visible": true
                            },
                            "enabled": {
                                "enabled": true,
                                "type": "boolean",
                                "value": true,
                                "visible": true
                            },
                            "grabmouse": {
                                "enabled": true,
                                "type": "boolean",
                                "value": false,
                                "visible": true
                            },
                            "halign": {
                                "enabled": true,
                                "type": "combo",
                                "value": 3,
                                "visible": true
                            },
                            "height": {
                                "enabled": true,
                                "type": "integer",
                                "value": 258,
                                "visible": true
                            },
                            "id": {
                                "enabled": true,
                                "type": "uuid",
                                "value": "{90410e6b-6aad-4793-9820-80783f3654f1}",
                                "visible": true
                            },
                            "layout": {
                                "enabled": true,
                                "type": "boolean",
                                "value": true,
                                "visible": true
                            },
                            "margin": {
                                "enabled": true,
                                "type": "integer",
                                "value": 0,
                                "visible": true
                            },
                            "name": {
                                "enabled": true,
                                "type": "text",
                                "value": "frame-1",
                                "visible": true
                            },
                            "padding": {
                                "enabled": true,
                                "type": "integer",
                                "value": 0,
                                "visible": true
                            },
                            "valign": {
                                "enabled": true,
                                "type": "combo",
                                "value": 1,
                                "visible": true
                            },
                            "visible": {
                                "enabled": true,
                                "type": "boolean",
                                "value": true,
                                "visible": true
                            },
                            "widget_fillflags": {
                                "enabled": true,
                                "type": "combo",
                                "value": 0,
                                "visible": true
                            },
                            "widget_font": {
                                "enabled": true,
                                "type": "font",
                                "visible": true
                            },
                            "widget_palette": {
                                "enabled": true,
                                "type": "Palette",
                                "visible": true
                            },
                            "width": {
                                "enabled": true,
                                "type": "integer",
                                "value": 292,
                                "visible": true
                            },
                            "x": {
                                "enabled": true,
                                "type": "integer",
                                "value": 469,
                                "visible": true
                            },
                            "y": {
                                "enabled": true,
                                "type": "integer",
                                "value": 11,
                                "visible": true
                            }
                        },
                        "type": "FrameWidget"
                    }
                ],
                "properties": {
                    "__categories": [
                        {
                            "expanded": true,
                            "id": "widget",
                            "visible": true
                        },
                        {
                            "expanded": true,
                            "id": "boxsizer",
                            "visible": true
                        }
                    ],
                    "__groups": [
                        {
                            "expanded": true,
                            "id": "position",
                            "visible": true
                        },
                        {
                            "expanded": true,
                            "id": "size",
                            "visible": true
                        },
                        {
                            "expanded": false,
                            "id": "alignment",
                            "visible": true
                        }
                    ],
                    "autoresize": {
                        "enabled": true,
                        "type": "boolean",
                        "value": true,
                        "visible": true
                    },
                    "border": {
                        "enabled": true,
                        "type": "integer",
                        "value": 0,
                        "visible": true
                    },
                    "border_radius": {
                        "enabled": true,
                        "type": "float",
                        "value": 0,
                        "visible": true
                    },
                    "editorExpanded": {
                        "enabled": true,
                        "type": "boolean",
                        "value": true,
                        "visible": true
                    },
                    "editorHidden": {
                        "enabled": true,
                        "type": "boolean",
                        "value": false,
                        "visible": true
                    },
                    "editorLocked": {
                        "enabled": true,
                        "type": "boolean",
                        "value": false,
                        "visible": true
                    },
                    "enabled": {
                        "enabled": true,
                        "type": "boolean",
                        "value": true,
                        "visible": true
                    },
                    "grabmouse": {
                        "enabled": true,
                        "type": "boolean",
                        "value": false,
                        "visible": true
                    },
                    "halign": {
                        "enabled": true,
                        "type": "combo",
                        "value": 0,
                        "visible": true
                    },
                    "height": {
                        "enabled": true,
                        "type": "integer",
                        "value": 280,
                        "visible": true
                    },
                    "id": {
                        "enabled": true,
                        "type": "uuid",
                        "value": "{d2c21d34-ec38-4163-95dd-227a14a4bb03}",
                        "visible": true
                    },
                    "justification": {
                        "enabled": true,
                        "type": "combo",
                        "value": 2,
                        "visible": true
                    },
                    "layout": {
                        "enabled": true,
                        "type": "boolean",
                        "value": true,
                        "visible": true
                    },
                    "margin": {
                        "enabled": true,
                        "type": "integer",
                        "value": 0,
                        "visible": true
                    },
                    "name": {
                        "enabled": true,
                        "type": "text",
                        "value": "hbox-sizer-3",
                        "visible": true
                    },
                    "padding": {
                        "enabled": true,
                        "type": "integer",
                        "value": 0,
                        "visible": true
                    },
                    "valign": {
                        "enabled": true,
                        "type": "combo",
                        "value": 0,
                        "visible": true
                    },
                    "visible": {
                        "enabled": true,
                        "type": "boolean",
                        "value": true,
                        "visible": true
                    },
                    "widget_fillflags": {
                        "enabled": true,
                        "type": "combo",
                        "value": 0,
                        "visible": true
                    },
                    "widget_font": {
                        "enabled": true,
                        "type": "font",
                        "visible": true
                    },
                    "widget_palette": {
                        "enabled": true,
                        "type": "Palette",
                        "visible": true
                    },
                    "width": {
                        "enabled": true,
                        "type": "integer",
                        "value": 800,
                        "visible": true
                    },
                    "x": {
                        "enabled": true,
                        "type": "integer",
                        "value": 0,
                        "visible": true
                    },
                    "y": {
                        "enabled": true,
                        "type": "integer",
                        "value": 100,
                        "visible": true
                    }
                },
                "type": "HorizontalBoxSizerWidget"
            }
        ],
        "properties": {
            "__categories": [
                {
                    "expanded": true,
                    "id": "widget",
                    "visible": true
                },
                {
                    "expanded": true,
                    "id": "window",
                    "visible": true
                }
            ],
            "__groups": [
                {
                    "expanded": false,
                    "id": "position",
                    "visible": true
                },
                {
                    "expanded": false,
                    "id": "size",
                    "visible": true
                },
                {
                    "expanded": false,
                    "id": "alignment",
                    "visible": true
                }
            ],
            "autoresize": {
                "enabled": true,
                "type": "boolean",
                "value": true,
                "visible": true
            },
            "border": {
                "enabled": true,
                "type": "integer",
                "value": 0,
                "visible": true
            },
            "border_radius": {
                "enabled": true,
                "type": "float",
                "value": 0,
                "visible": true
            },
            "editorExpanded": {
                "enabled": true,
                "type": "boolean",
                "value": true,
                "visible": true
            },
            "editorHidden": {
                "enabled": true,
                "type": "boolean",
                "value": false,
                "visible": true
            },
            "editorLocked": {
                "enabled": true,
                "type": "boolean",
                "value": false,
                "visible": true
            },
            "enabled": {
                "enabled": true,
                "type": "boolean",
                "value": true,
                "visible": true
            },
            "grabmouse": {
                "enabled": true,
                "type": "boolean",
                "value": false,
                "visible": true
            },
            "halign": {
                "enabled": true,
                "type": "combo",
                "value": 0,
                "visible": true
            },
            "height": {
                "enabled": true,
                "type": "integer",
                "value": 480,
                "visible": true
            },
            "id": {
                "enabled": true,
                "type": "uuid",
                "value": "{6b904446-226a-4050-a5e4-063cfdf0f7de}",
                "visible": true
            },
            "layout": {
                "enabled": true,
                "type": "boolean",
                "value": true,
                "visible": true
            },
            "margin": {
                "enabled": true,
                "type": "integer",
                "value": 0,
                "visible": true
            },
            "name": {
                "enabled": true,
                "type": "text",
                "value": "w1",
                "visible": true
            },
            "padding": {
                "enabled": true,
                "type": "integer",
                "value": 0,
                "visible": true
            },
            "pixel_format": {
                "enabled": true,
                "type": "combo",
                "value": 1,
                "visible": true
            },
            "valign": {
                "enabled": true,
                "type": "combo",
                "value": 0,
                "visible": true
            },
            "visible": {
                "enabled": true,
                "type": "boolean",
                "value": true,
                "visible": true
            },
            "widget_fillflags": {
                "enabled": true,
                "type": "combo",
                "value": 1,
                "visible": true
            },
            "widget_font": {
                "enabled": true,
                "type": "font",
                "visible": true
            },
            "widget_palette": {
                "enabled": true,
                "type": "Palette",
                "visible": true
            },
            "width": {
                "enabled": true,
                "type": "integer",
                "value": 800,
                "visible": true
            },
            "window_hint": {
                "enabled": true,
                "type": "combo",
                "value": 0,
                "visible": true
            },
            "x": {
                "enabled": true,
                "type": "integer",
                "value": 0,
                "visible": true
            },
            "y": {
                "enabled": true,
                "type": "integer",
                "value": 0,
                "visible": true
            }
        },
        "type": "ScreenWindowWidget"
    }
}
