{
    "properties": {
        "__categories": [
            {
                "expanded": true,
                "id": "screen",
                "visible": true
            }
        ],
        "__groups": [
        ],
        "id": {
            "enabled": true,
            "type": "uuid",
            "value": "{e01defc3-a695-420e-b3c1-cdfa38848a7b}",
            "visible": true
        },
        "name": {
            "enabled": true,
            "type": "text",
            "value": "Screen0",
            "visible": true
        }
    },
    "startup": true,
    "window": {
        "children": [
            {
                "properties": {
                    "__categories": [
                        {
                            "expanded": true,
                            "id": "widget",
                            "visible": true
                        },
                        {
                            "expanded": true,
                            "id": "textwidget",
                            "visible": true
                        },
                        {
                            "expanded": true,
                            "id": "button",
                            "visible": true
                        }
                    ],
                    "__groups": [
                        {
                            "expanded": false,
                            "id": "position",
                            "visible": true
                        },
                        {
                            "expanded": false,
                            "id": "size",
                            "visible": true
                        },
                        {
                            "expanded": false,
                            "id": "alignment",
                            "visible": true
                        },
                        {
                            "expanded": false,
                            "id": "text_alignment",
                            "visible": true
                        }
                    ],
                    "autoresize": {
                        "enabled": true,
                        "type": "boolean",
                        "value": true,
                        "visible": true
                    },
                    "border": {
                        "enabled": true,
                        "type": "integer",
                        "value": 0,
                        "visible": true
                    },
                    "border_radius": {
                        "enabled": true,
                        "type": "float",
                        "value": 4,
                        "visible": true
                    },
                    "checked": {
                        "enabled": true,
                        "type": "boolean",
                        "value": false,
                        "visible": true
                    },
                    "editorExpanded": {
                        "enabled": true,
                        "type": "boolean",
                        "value": true,
                        "visible": true
                    },
                    "editorHidden": {
                        "enabled": true,
                        "type": "boolean",
                        "value": false,
                        "visible": true
                    },
                    "editorLocked": {
                        "enabled": true,
                        "type": "boolean",
                        "value": false,
                        "visible": true
                    },
                    "enabled": {
                        "enabled": true,
                        "type": "boolean",
                        "value": true,
                        "visible": true
                    },
                    "grabmouse": {
                        "enabled": true,
                        "type": "boolean",
                        "value": false,
                        "visible": true
                    },
                    "halign": {
                        "enabled": true,
                        "type": "combo",
                        "value": 0,
                        "visible": true
                    },
                    "height": {
                        "enabled": true,
                        "type": "integer",
                        "value": 57,
                        "visible": true
                    },
                    "id": {
                        "enabled": true,
                        "type": "uuid",
                        "value": "{b46fd9af-a33f-4a3b-877e-cb5568ab9e40}",
                        "visible": true
                    },
                    "layout": {
                        "enabled": true,
                        "type": "boolean",
                        "value": true,
                        "visible": true
                    },
                    "margin": {
                        "enabled": true,
                        "type": "integer",
                        "value": 0,
                        "visible": true
                    },
                    "name": {
                        "enabled": true,
                        "type": "text",
                        "value": "Checked_in_out",
                        "visible": true
                    },
                    "padding": {
                        "enabled": true,
                        "type": "integer",
                        "value": 0,
                        "visible": true
                    },
                    "text": {
                        "enabled": true,
                        "type": "text",
                        "value": "Check in or out",
                        "visible": true
                    },
                    "text_halign": {
                        "enabled": true,
                        "type": "combo",
                        "value": 1,
                        "visible": true
                    },
                    "text_valign": {
                        "enabled": true,
                        "type": "combo",
                        "value": 1,
                        "visible": true
                    },
                    "valign": {
                        "enabled": true,
                        "type": "combo",
                        "value": 0,
                        "visible": true
                    },
                    "visible": {
                        "enabled": true,
                        "type": "boolean",
                        "value": true,
                        "visible": true
                    },
                    "widget_fillflags": {
                        "enabled": true,
                        "type": "combo",
                        "value": 2,
                        "visible": true
                    },
                    "widget_font": {
                        "enabled": true,
                        "type": "font",
                        "visible": true
                    },
                    "widget_palette": {
                        "enabled": true,
                        "type": "Palette",
                        "visible": true
                    },
                    "width": {
                        "enabled": true,
                        "type": "integer",
                        "value": 171,
                        "visible": true
                    },
                    "x": {
                        "enabled": true,
                        "type": "integer",
                        "value": 426,
                        "visible": true
                    },
                    "y": {
                        "enabled": true,
                        "type": "integer",
                        "value": 391,
                        "visible": true
                    }
                },
                "type": "ButtonWidget"
            },
            {
                "properties": {
                    "__categories": [
                        {
                            "expanded": true,
                            "id": "widget",
                            "visible": true
                        },
                        {
                            "expanded": true,
                            "id": "textwidget",
                            "visible": true
                        },
                        {
                            "expanded": true,
                            "id": "button",
                            "visible": true
                        }
                    ],
                    "__groups": [
                        {
                            "expanded": false,
                            "id": "position",
                            "visible": true
                        },
                        {
                            "expanded": false,
                            "id": "size",
                            "visible": true
                        },
                        {
                            "expanded": false,
                            "id": "alignment",
                            "visible": true
                        },
                        {
                            "expanded": false,
                            "id": "text_alignment",
                            "visible": true
                        }
                    ],
                    "autoresize": {
                        "enabled": true,
                        "type": "boolean",
                        "value": true,
                        "visible": true
                    },
                    "border": {
                        "enabled": true,
                        "type": "integer",
                        "value": 0,
                        "visible": true
                    },
                    "border_radius": {
                        "enabled": true,
                        "type": "float",
                        "value": 4,
                        "visible": true
                    },
                    "checked": {
                        "enabled": true,
                        "type": "boolean",
                        "value": false,
                        "visible": true
                    },
                    "editorExpanded": {
                        "enabled": true,
                        "type": "boolean",
                        "value": true,
                        "visible": true
                    },
                    "editorHidden": {
                        "enabled": true,
                        "type": "boolean",
                        "value": false,
                        "visible": true
                    },
                    "editorLocked": {
                        "enabled": true,
                        "type": "boolean",
                        "value": false,
                        "visible": true
                    },
                    "enabled": {
                        "enabled": true,
                        "type": "boolean",
                        "value": true,
                        "visible": true
                    },
                    "grabmouse": {
                        "enabled": true,
                        "type": "boolean",
                        "value": false,
                        "visible": true
                    },
                    "halign": {
                        "enabled": true,
                        "type": "combo",
                        "value": 0,
                        "visible": true
                    },
                    "height": {
                        "enabled": true,
                        "type": "integer",
                        "value": 57,
                        "visible": true
                    },
                    "id": {
                        "enabled": true,
                        "type": "uuid",
                        "value": "{7ffb68e6-ea49-4db5-ab8f-7e15cb9c4e27}",
                        "visible": true
                    },
                    "layout": {
                        "enabled": true,
                        "type": "boolean",
                        "value": true,
                        "visible": true
                    },
                    "margin": {
                        "enabled": true,
                        "type": "integer",
                        "value": 0,
                        "visible": true
                    },
                    "name": {
                        "enabled": true,
                        "type": "text",
                        "value": "Cancel_Button",
                        "visible": true
                    },
                    "padding": {
                        "enabled": true,
                        "type": "integer",
                        "value": 0,
                        "visible": true
                    },
                    "text": {
                        "enabled": true,
                        "type": "text",
                        "value": "Cancel",
                        "visible": true
                    },
                    "text_halign": {
                        "enabled": true,
                        "type": "combo",
                        "value": 1,
                        "visible": true
                    },
                    "text_valign": {
                        "enabled": true,
                        "type": "combo",
                        "value": 1,
                        "visible": true
                    },
                    "valign": {
                        "enabled": true,
                        "type": "combo",
                        "value": 0,
                        "visible": true
                    },
                    "visible": {
                        "enabled": true,
                        "type": "boolean",
                        "value": true,
                        "visible": true
                    },
                    "widget_fillflags": {
                        "enabled": true,
                        "type": "combo",
                        "value": 2,
                        "visible": true
                    },
                    "widget_font": {
                        "enabled": true,
                        "type": "font",
                        "visible": true
                    },
                    "widget_palette": {
                        "enabled": true,
                        "type": "Palette",
                        "visible": true
                    },
                    "width": {
                        "enabled": true,
                        "type": "integer",
                        "value": 90,
                        "visible": true
                    },
                    "x": {
                        "enabled": true,
                        "type": "integer",
                        "value": 669,
                        "visible": true
                    },
                    "y": {
                        "enabled": true,
                        "type": "integer",
                        "value": 392,
                        "visible": true
                    }
                },
                "type": "ButtonWidget"
            },
            {
                "properties": {
                    "__categories": [
                        {
                            "expanded": true,
                            "id": "widget",
                            "visible": true
                        },
                        {
                            "expanded": true,
                            "id": "textwidget",
                            "visible": true
                        },
                        {
                            "expanded": true,
                            "id": "button",
                            "visible": true
                        },
                        {
                            "expanded": true,
                            "id": "checkbox",
                            "visible": true
                        }
                    ],
                    "__groups": [
                        {
                            "expanded": false,
                            "id": "position",
                            "visible": true
                        },
                        {
                            "expanded": false,
                            "id": "size",
                            "visible": true
                        },
                        {
                            "expanded": false,
                            "id": "alignment",
                            "visible": true
                        },
                        {
                            "expanded": false,
                            "id": "text_alignment",
                            "visible": true
                        }
                    ],
                    "autoresize": {
                        "enabled": true,
                        "type": "boolean",
                        "value": true,
                        "visible": true
                    },
                    "border": {
                        "enabled": true,
                        "type": "integer",
                        "value": 0,
                        "visible": true
                    },
                    "border_radius": {
                        "enabled": true,
                        "type": "float",
                        "value": 4,
                        "visible": true
                    },
                    "cbox_align": {
                        "enabled": true,
                        "type": "combo",
                        "value": 0,
                        "visible": true
                    },
                    "checkbox_show_label": {
                        "enabled": true,
                        "type": "boolean",
                        "value": true,
                        "visible": true
                    },
                    "checked": {
                        "enabled": true,
                        "type": "boolean",
                        "value": false,
                        "visible": true
                    },
                    "editorExpanded": {
                        "enabled": true,
                        "type": "boolean",
                        "value": true,
                        "visible": true
                    },
                    "editorHidden": {
                        "enabled": true,
                        "type": "boolean",
                        "value": false,
                        "visible": true
                    },
                    "editorLocked": {
                        "enabled": true,
                        "type": "boolean",
                        "value": false,
                        "visible": true
                    },
                    "enabled": {
                        "enabled": true,
                        "type": "boolean",
                        "value": true,
                        "visible": true
                    },
                    "grabmouse": {
                        "enabled": true,
                        "type": "boolean",
                        "value": false,
                        "visible": true
                    },
                    "halign": {
                        "enabled": true,
                        "type": "combo",
                        "value": 0,
                        "visible": true
                    },
                    "height": {
                        "enabled": true,
                        "type": "integer",
                        "value": 67,
                        "visible": true
                    },
                    "id": {
                        "enabled": true,
                        "type": "uuid",
                        "value": "{0acaee21-0f4d-48e1-a399-856049521f4d}",
                        "visible": true
                    },
                    "layout": {
                        "enabled": true,
                        "type": "boolean",
                        "value": true,
                        "visible": true
                    },
                    "margin": {
                        "enabled": true,
                        "type": "integer",
                        "value": 0,
                        "visible": true
                    },
                    "name": {
                        "enabled": true,
                        "type": "text",
                        "value": "Home Flag",
                        "visible": true
                    },
                    "padding": {
                        "enabled": true,
                        "type": "integer",
                        "value": 5,
                        "visible": true
                    },
                    "text": {
                        "enabled": true,
                        "type": "text",
                        "value": "At Home?",
                        "visible": true
                    },
                    "text_halign": {
                        "enabled": true,
                        "type": "combo",
                        "value": 2,
                        "visible": true
                    },
                    "text_valign": {
                        "enabled": true,
                        "type": "combo",
                        "value": 1,
                        "visible": true
                    },
                    "valign": {
                        "enabled": true,
                        "type": "combo",
                        "value": 0,
                        "visible": true
                    },
                    "visible": {
                        "enabled": true,
                        "type": "boolean",
                        "value": true,
                        "visible": true
                    },
                    "widget_fillflags": {
                        "enabled": true,
                        "type": "combo",
                        "value": 0,
                        "visible": true
                    },
                    "widget_font": {
                        "enabled": true,
                        "type": "font",
                        "visible": true
                    },
                    "widget_palette": {
                        "enabled": true,
                        "type": "Palette",
                        "visible": true
                    },
                    "width": {
                        "enabled": true,
                        "type": "integer",
                        "value": 156,
                        "visible": true
                    },
                    "x": {
                        "enabled": true,
                        "type": "integer",
                        "value": 43,
                        "visible": true
                    },
                    "y": {
                        "enabled": true,
                        "type": "integer",
                        "value": 387,
                        "visible": true
                    }
                },
                "type": "CheckBoxWidget"
            },
            {
                "properties": {
                    "__categories": [
                        {
                            "expanded": true,
                            "id": "widget",
                            "visible": true
                        },
                        {
                            "expanded": true,
                            "id": "textwidget",
                            "visible": true
                        }
                    ],
                    "__groups": [
                        {
                            "expanded": false,
                            "id": "position",
                            "visible": true
                        },
                        {
                            "expanded": false,
                            "id": "size",
                            "visible": true
                        },
                        {
                            "expanded": false,
                            "id": "alignment",
                            "visible": true
                        },
                        {
                            "expanded": false,
                            "id": "text_alignment",
                            "visible": true
                        }
                    ],
                    "autoresize": {
                        "enabled": true,
                        "type": "boolean",
                        "value": true,
                        "visible": true
                    },
                    "border": {
                        "enabled": true,
                        "type": "integer",
                        "value": 0,
                        "visible": true
                    },
                    "border_radius": {
                        "enabled": true,
                        "type": "float",
                        "value": 0,
                        "visible": true
                    },
                    "editorExpanded": {
                        "enabled": true,
                        "type": "boolean",
                        "value": true,
                        "visible": true
                    },
                    "editorHidden": {
                        "enabled": true,
                        "type": "boolean",
                        "value": false,
                        "visible": true
                    },
                    "editorLocked": {
                        "enabled": true,
                        "type": "boolean",
                        "value": false,
                        "visible": true
                    },
                    "enabled": {
                        "enabled": true,
                        "type": "boolean",
                        "value": true,
                        "visible": true
                    },
                    "grabmouse": {
                        "enabled": true,
                        "type": "boolean",
                        "value": false,
                        "visible": true
                    },
                    "halign": {
                        "enabled": true,
                        "type": "combo",
                        "value": 0,
                        "visible": true
                    },
                    "height": {
                        "enabled": true,
                        "type": "integer",
                        "value": 60,
                        "visible": true
                    },
                    "id": {
                        "enabled": true,
                        "type": "uuid",
                        "value": "{ebebf497-35ab-4bfc-af4f-ec1ec6e27a6e}",
                        "visible": true
                    },
                    "layout": {
                        "enabled": true,
                        "type": "boolean",
                        "value": true,
                        "visible": true
                    },
                    "margin": {
                        "enabled": true,
                        "type": "integer",
                        "value": 0,
                        "visible": true
                    },
                    "name": {
                        "enabled": true,
                        "type": "text",
                        "value": "Part_Number",
                        "visible": true
                    },
                    "padding": {
                        "enabled": true,
                        "type": "integer",
                        "value": 0,
                        "visible": true
                    },
                    "text": {
                        "enabled": true,
                        "type": "text",
                        "value": "Part Number Should Go Here",
                        "visible": true
                    },
                    "text_halign": {
                        "enabled": true,
                        "type": "combo",
                        "value": 1,
                        "visible": true
                    },
                    "text_valign": {
                        "enabled": true,
                        "type": "combo",
                        "value": 1,
                        "visible": true
                    },
                    "valign": {
                        "enabled": true,
                        "type": "combo",
                        "value": 0,
                        "visible": true
                    },
                    "visible": {
                        "enabled": true,
                        "type": "boolean",
                        "value": true,
                        "visible": true
                    },
                    "widget_fillflags": {
                        "enabled": true,
                        "type": "combo",
                        "value": 0,
                        "visible": true
                    },
                    "widget_font": {
                        "enabled": true,
                        "type": "font",
                        "visible": true
                    },
                    "widget_palette": {
                        "enabled": true,
                        "type": "Palette",
                        "visible": true
                    },
                    "width": {
                        "enabled": true,
                        "type": "integer",
                        "value": 451,
                        "visible": true
                    },
                    "x": {
                        "enabled": true,
                        "type": "integer",
                        "value": 20,
                        "visible": true
                    },
                    "y": {
                        "enabled": true,
                        "type": "integer",
                        "value": 16,
                        "visible": true
                    }
                },
                "type": "LabelWidget"
            },
            {
                "properties": {
                    "__categories": [
                        {
                            "expanded": true,
                            "id": "widget",
                            "visible": true
                        },
                        {
                            "expanded": true,
                            "id": "textwidget",
                            "visible": true
                        }
                    ],
                    "__groups": [
                        {
                            "expanded": false,
                            "id": "position",
                            "visible": true
                        },
                        {
                            "expanded": false,
                            "id": "size",
                            "visible": true
                        },
                        {
                            "expanded": false,
                            "id": "alignment",
                            "visible": true
                        },
                        {
                            "expanded": false,
                            "id": "text_alignment",
                            "visible": true
                        }
                    ],
                    "autoresize": {
                        "enabled": true,
                        "type": "boolean",
                        "value": true,
                        "visible": true
                    },
                    "border": {
                        "enabled": true,
                        "type": "integer",
                        "value": 0,
                        "visible": true
                    },
                    "border_radius": {
                        "enabled": true,
                        "type": "float",
                        "value": 0,
                        "visible": true
                    },
                    "editorExpanded": {
                        "enabled": true,
                        "type": "boolean",
                        "value": true,
                        "visible": true
                    },
                    "editorHidden": {
                        "enabled": true,
                        "type": "boolean",
                        "value": false,
                        "visible": true
                    },
                    "editorLocked": {
                        "enabled": true,
                        "type": "boolean",
                        "value": false,
                        "visible": true
                    },
                    "enabled": {
                        "enabled": true,
                        "type": "boolean",
                        "value": true,
                        "visible": true
                    },
                    "grabmouse": {
                        "enabled": true,
                        "type": "boolean",
                        "value": false,
                        "visible": true
                    },
                    "halign": {
                        "enabled": true,
                        "type": "combo",
                        "value": 0,
                        "visible": true
                    },
                    "height": {
                        "enabled": true,
                        "type": "integer",
                        "value": 77,
                        "visible": true
                    },
                    "id": {
                        "enabled": true,
                        "type": "uuid",
                        "value": "{0d7eb17e-54e8-4721-b39f-61ca4aaff7a4}",
                        "visible": true
                    },
                    "layout": {
                        "enabled": true,
                        "type": "boolean",
                        "value": true,
                        "visible": true
                    },
                    "margin": {
                        "enabled": true,
                        "type": "integer",
                        "value": 0,
                        "visible": true
                    },
                    "name": {
                        "enabled": true,
                        "type": "text",
                        "value": "Model_Name",
                        "visible": true
                    },
                    "padding": {
                        "enabled": true,
                        "type": "integer",
                        "value": 0,
                        "visible": true
                    },
                    "text": {
                        "enabled": true,
                        "type": "text",
                        "value": "Model Name Should Go Here",
                        "visible": true
                    },
                    "text_halign": {
                        "enabled": true,
                        "type": "combo",
                        "value": 1,
                        "visible": true
                    },
                    "text_valign": {
                        "enabled": true,
                        "type": "combo",
                        "value": 1,
                        "visible": true
                    },
                    "valign": {
                        "enabled": true,
                        "type": "combo",
                        "value": 0,
                        "visible": true
                    },
                    "visible": {
                        "enabled": true,
                        "type": "boolean",
                        "value": true,
                        "visible": true
                    },
                    "widget_fillflags": {
                        "enabled": true,
                        "type": "combo",
                        "value": 0,
                        "visible": true
                    },
                    "widget_font": {
                        "enabled": true,
                        "type": "font",
                        "visible": true
                    },
                    "widget_palette": {
                        "enabled": true,
                        "type": "Palette",
                        "visible": true
                    },
                    "width": {
                        "enabled": true,
                        "type": "integer",
                        "value": 456,
                        "visible": true
                    },
                    "x": {
                        "enabled": true,
                        "type": "integer",
                        "value": 15,
                        "visible": true
                    },
                    "y": {
                        "enabled": true,
                        "type": "integer",
                        "value": 78,
                        "visible": true
                    }
                },
                "type": "LabelWidget"
            },
            {
                "properties": {
                    "__categories": [
                        {
                            "expanded": true,
                            "id": "widget",
                            "visible": true
                        },
                        {
                            "expanded": true,
                            "id": "textwidget",
                            "visible": true
                        }
                    ],
                    "__groups": [
                        {
                            "expanded": false,
                            "id": "position",
                            "visible": true
                        },
                        {
                            "expanded": false,
                            "id": "size",
                            "visible": true
                        },
                        {
                            "expanded": false,
                            "id": "alignment",
                            "visible": true
                        },
                        {
                            "expanded": false,
                            "id": "text_alignment",
                            "visible": true
                        }
                    ],
                    "autoresize": {
                        "enabled": true,
                        "type": "boolean",
                        "value": true,
                        "visible": true
                    },
                    "border": {
                        "enabled": true,
                        "type": "integer",
                        "value": 0,
                        "visible": true
                    },
                    "border_radius": {
                        "enabled": true,
                        "type": "float",
                        "value": 0,
                        "visible": true
                    },
                    "editorExpanded": {
                        "enabled": true,
                        "type": "boolean",
                        "value": true,
                        "visible": true
                    },
                    "editorHidden": {
                        "enabled": true,
                        "type": "boolean",
                        "value": false,
                        "visible": true
                    },
                    "editorLocked": {
                        "enabled": true,
                        "type": "boolean",
                        "value": false,
                        "visible": true
                    },
                    "enabled": {
                        "enabled": true,
                        "type": "boolean",
                        "value": true,
                        "visible": true
                    },
                    "grabmouse": {
                        "enabled": true,
                        "type": "boolean",
                        "value": false,
                        "visible": true
                    },
                    "halign": {
                        "enabled": true,
                        "type": "combo",
                        "value": 0,
                        "visible": true
                    },
                    "height": {
                        "enabled": true,
                        "type": "integer",
                        "value": 49,
                        "visible": true
                    },
                    "id": {
                        "enabled": true,
                        "type": "uuid",
                        "value": "{55527671-82da-4c3b-b642-3dfa7b847948}",
                        "visible": true
                    },
                    "layout": {
                        "enabled": true,
                        "type": "boolean",
                        "value": true,
                        "visible": true
                    },
                    "margin": {
                        "enabled": true,
                        "type": "integer",
                        "value": 0,
                        "visible": true
                    },
                    "name": {
                        "enabled": true,
                        "type": "text",
                        "value": "Serial_Number",
                        "visible": true
                    },
                    "padding": {
                        "enabled": true,
                        "type": "integer",
                        "value": 0,
                        "visible": true
                    },
                    "text": {
                        "enabled": true,
                        "type": "text",
                        "value": "Serial Number Should Go Here",
                        "visible": true
                    },
                    "text_halign": {
                        "enabled": true,
                        "type": "combo",
                        "value": 1,
                        "visible": true
                    },
                    "text_valign": {
                        "enabled": true,
                        "type": "combo",
                        "value": 1,
                        "visible": true
                    },
                    "valign": {
                        "enabled": true,
                        "type": "combo",
                        "value": 0,
                        "visible": true
                    },
                    "visible": {
                        "enabled": true,
                        "type": "boolean",
                        "value": true,
                        "visible": true
                    },
                    "widget_fillflags": {
                        "enabled": true,
                        "type": "combo",
                        "value": 0,
                        "visible": true
                    },
                    "widget_font": {
                        "enabled": true,
                        "type": "font",
                        "visible": true
                    },
                    "widget_palette": {
                        "enabled": true,
                        "type": "Palette",
                        "visible": true
                    },
                    "width": {
                        "enabled": true,
                        "type": "integer",
                        "value": 424,
                        "visible": true
                    },
                    "x": {
                        "enabled": true,
                        "type": "integer",
                        "value": 36,
                        "visible": true
                    },
                    "y": {
                        "enabled": true,
                        "type": "integer",
                        "value": 143,
                        "visible": true
                    }
                },
                "type": "LabelWidget"
            },
            {
                "properties": {
                    "__categories": [
                        {
                            "expanded": true,
                            "id": "widget",
                            "visible": true
                        },
                        {
                            "expanded": true,
                            "id": "textwidget",
                            "visible": true
                        }
                    ],
                    "__groups": [
                        {
                            "expanded": false,
                            "id": "position",
                            "visible": true
                        },
                        {
                            "expanded": false,
                            "id": "size",
                            "visible": true
                        },
                        {
                            "expanded": false,
                            "id": "alignment",
                            "visible": true
                        },
                        {
                            "expanded": false,
                            "id": "text_alignment",
                            "visible": true
                        }
                    ],
                    "autoresize": {
                        "enabled": true,
                        "type": "boolean",
                        "value": true,
                        "visible": true
                    },
                    "border": {
                        "enabled": true,
                        "type": "integer",
                        "value": 0,
                        "visible": true
                    },
                    "border_radius": {
                        "enabled": true,
                        "type": "float",
                        "value": 0,
                        "visible": true
                    },
                    "editorExpanded": {
                        "enabled": true,
                        "type": "boolean",
                        "value": true,
                        "visible": true
                    },
                    "editorHidden": {
                        "enabled": true,
                        "type": "boolean",
                        "value": false,
                        "visible": true
                    },
                    "editorLocked": {
                        "enabled": true,
                        "type": "boolean",
                        "value": false,
                        "visible": true
                    },
                    "enabled": {
                        "enabled": true,
                        "type": "boolean",
                        "value": true,
                        "visible": true
                    },
                    "grabmouse": {
                        "enabled": true,
                        "type": "boolean",
                        "value": false,
                        "visible": true
                    },
                    "halign": {
                        "enabled": true,
                        "type": "combo",
                        "value": 0,
                        "visible": true
                    },
                    "height": {
                        "enabled": true,
                        "type": "integer",
                        "value": 81,
                        "visible": true
                    },
                    "id": {
                        "enabled": true,
                        "type": "uuid",
                        "value": "{a0d3bb03-67ed-4e65-b623-d014ff7bd7c8}",
                        "visible": true
                    },
                    "layout": {
                        "enabled": true,
                        "type": "boolean",
                        "value": true,
                        "visible": true
                    },
                    "margin": {
                        "enabled": true,
                        "type": "integer",
                        "value": 0,
                        "visible": true
                    },
                    "name": {
                        "enabled": true,
                        "type": "text",
                        "value": "Location",
                        "visible": true
                    },
                    "padding": {
                        "enabled": true,
                        "type": "integer",
                        "value": 0,
                        "visible": true
                    },
                    "text": {
                        "enabled": true,
                        "type": "text",
                        "value": "Location Should Go Here",
                        "visible": true
                    },
                    "text_halign": {
                        "enabled": true,
                        "type": "combo",
                        "value": 1,
                        "visible": true
                    },
                    "text_valign": {
                        "enabled": true,
                        "type": "combo",
                        "value": 1,
                        "visible": true
                    },
                    "valign": {
                        "enabled": true,
                        "type": "combo",
                        "value": 0,
                        "visible": true
                    },
                    "visible": {
                        "enabled": true,
                        "type": "boolean",
                        "value": true,
                        "visible": true
                    },
                    "widget_fillflags": {
                        "enabled": true,
                        "type": "combo",
                        "value": 0,
                        "visible": true
                    },
                    "widget_font": {
                        "enabled": true,
                        "type": "font",
                        "visible": true
                    },
                    "widget_palette": {
                        "enabled": true,
                        "type": "Palette",
                        "visible": true
                    },
                    "width": {
                        "enabled": true,
                        "type": "integer",
                        "value": 403,
                        "visible": true
                    },
                    "x": {
                        "enabled": true,
                        "type": "integer",
                        "value": 40,
                        "visible": true
                    },
                    "y": {
                        "enabled": true,
                        "type": "integer",
                        "value": 201,
                        "visible": true
                    }
                },
                "type": "LabelWidget"
            },
            {
                "properties": {
                    "__categories": [
                        {
                            "expanded": true,
                            "id": "widget",
                            "visible": true
                        },
                        {
                            "expanded": true,
                            "id": "textwidget",
                            "visible": true
                        }
                    ],
                    "__groups": [
                        {
                            "expanded": false,
                            "id": "position",
                            "visible": true
                        },
                        {
                            "expanded": false,
                            "id": "size",
                            "visible": true
                        },
                        {
                            "expanded": false,
                            "id": "alignment",
                            "visible": true
                        },
                        {
                            "expanded": false,
                            "id": "text_alignment",
                            "visible": true
                        }
                    ],
                    "autoresize": {
                        "enabled": true,
                        "type": "boolean",
                        "value": true,
                        "visible": true
                    },
                    "border": {
                        "enabled": true,
                        "type": "integer",
                        "value": 0,
                        "visible": true
                    },
                    "border_radius": {
                        "enabled": true,
                        "type": "float",
                        "value": 0,
                        "visible": true
                    },
                    "editorExpanded": {
                        "enabled": true,
                        "type": "boolean",
                        "value": true,
                        "visible": true
                    },
                    "editorHidden": {
                        "enabled": true,
                        "type": "boolean",
                        "value": false,
                        "visible": true
                    },
                    "editorLocked": {
                        "enabled": true,
                        "type": "boolean",
                        "value": false,
                        "visible": true
                    },
                    "enabled": {
                        "enabled": true,
                        "type": "boolean",
                        "value": true,
                        "visible": true
                    },
                    "grabmouse": {
                        "enabled": true,
                        "type": "boolean",
                        "value": false,
                        "visible": true
                    },
                    "halign": {
                        "enabled": true,
                        "type": "combo",
                        "value": 0,
                        "visible": true
                    },
                    "height": {
                        "enabled": true,
                        "type": "integer",
                        "value": 92,
                        "visible": true
                    },
                    "id": {
                        "enabled": true,
                        "type": "uuid",
                        "value": "{8901575e-c2d6-4d33-bd45-37a3559ce128}",
                        "visible": true
                    },
                    "layout": {
                        "enabled": true,
                        "type": "boolean",
                        "value": true,
                        "visible": true
                    },
                    "margin": {
                        "enabled": true,
                        "type": "integer",
                        "value": 0,
                        "visible": true
                    },
                    "name": {
                        "enabled": true,
                        "type": "text",
                        "value": "Status",
                        "visible": true
                    },
                    "padding": {
                        "enabled": true,
                        "type": "integer",
                        "value": 0,
                        "visible": true
                    },
                    "text": {
                        "enabled": true,
                        "type": "text",
                        "value": "Status is here",
                        "visible": true
                    },
                    "text_halign": {
                        "enabled": true,
                        "type": "combo",
                        "value": 1,
                        "visible": true
                    },
                    "text_valign": {
                        "enabled": true,
                        "type": "combo",
                        "value": 1,
                        "visible": true
                    },
                    "valign": {
                        "enabled": true,
                        "type": "combo",
                        "value": 0,
                        "visible": true
                    },
                    "visible": {
                        "enabled": true,
                        "type": "boolean",
                        "value": true,
                        "visible": true
                    },
                    "widget_fillflags": {
                        "enabled": true,
                        "type": "combo",
                        "value": 0,
                        "visible": true
                    },
                    "widget_font": {
                        "enabled": true,
                        "type": "font",
                        "visible": true
                    },
                    "widget_palette": {
                        "enabled": true,
                        "type": "Palette",
                        "visible": true
                    },
                    "width": {
                        "enabled": true,
                        "type": "integer",
                        "value": 184,
                        "visible": true
                    },
                    "x": {
                        "enabled": true,
                        "type": "integer",
                        "value": 574,
                        "visible": true
                    },
                    "y": {
                        "enabled": true,
                        "type": "integer",
                        "value": 14,
                        "visible": true
                    }
                },
                "type": "LabelWidget"
            },
            {
                "properties": {
                    "__categories": [
                        {
                            "expanded": true,
                            "id": "widget",
                            "visible": true
                        },
                        {
                            "expanded": true,
                            "id": "textwidget",
                            "visible": true
                        }
                    ],
                    "__groups": [
                        {
                            "expanded": false,
                            "id": "position",
                            "visible": true
                        },
                        {
                            "expanded": false,
                            "id": "size",
                            "visible": true
                        },
                        {
                            "expanded": false,
                            "id": "alignment",
                            "visible": true
                        },
                        {
                            "expanded": false,
                            "id": "text_alignment",
                            "visible": true
                        }
                    ],
                    "autoresize": {
                        "enabled": true,
                        "type": "boolean",
                        "value": true,
                        "visible": true
                    },
                    "border": {
                        "enabled": true,
                        "type": "integer",
                        "value": 0,
                        "visible": true
                    },
                    "border_radius": {
                        "enabled": true,
                        "type": "float",
                        "value": 0,
                        "visible": true
                    },
                    "editorExpanded": {
                        "enabled": true,
                        "type": "boolean",
                        "value": true,
                        "visible": true
                    },
                    "editorHidden": {
                        "enabled": true,
                        "type": "boolean",
                        "value": false,
                        "visible": true
                    },
                    "editorLocked": {
                        "enabled": true,
                        "type": "boolean",
                        "value": false,
                        "visible": true
                    },
                    "enabled": {
                        "enabled": true,
                        "type": "boolean",
                        "value": true,
                        "visible": true
                    },
                    "grabmouse": {
                        "enabled": true,
                        "type": "boolean",
                        "value": false,
                        "visible": true
                    },
                    "halign": {
                        "enabled": true,
                        "type": "combo",
                        "value": 0,
                        "visible": true
                    },
                    "height": {
                        "enabled": true,
                        "type": "integer",
                        "value": 100,
                        "visible": true
                    },
                    "id": {
                        "enabled": true,
                        "type": "uuid",
                        "value": "{5165518f-26b0-4df6-b70d-f05e8896a52c}",
                        "visible": true
                    },
                    "layout": {
                        "enabled": true,
                        "type": "boolean",
                        "value": true,
                        "visible": true
                    },
                    "margin": {
                        "enabled": true,
                        "type": "integer",
                        "value": 0,
                        "visible": true
                    },
                    "name": {
                        "enabled": true,
                        "type": "text",
                        "value": "Image?",
                        "visible": true
                    },
                    "padding": {
                        "enabled": true,
                        "type": "integer",
                        "value": 0,
                        "visible": true
                    },
                    "text": {
                        "enabled": true,
                        "type": "text",
                        "value": "Probably Image?",
                        "visible": true
                    },
                    "text_halign": {
                        "enabled": true,
                        "type": "combo",
                        "value": 1,
                        "visible": true
                    },
                    "text_valign": {
                        "enabled": true,
                        "type": "combo",
                        "value": 1,
                        "visible": true
                    },
                    "valign": {
                        "enabled": true,
                        "type": "combo",
                        "value": 0,
                        "visible": true
                    },
                    "visible": {
                        "enabled": true,
                        "type": "boolean",
                        "value": true,
                        "visible": true
                    },
                    "widget_fillflags": {
                        "enabled": true,
                        "type": "combo",
                        "value": 0,
                        "visible": true
                    },
                    "widget_font": {
                        "enabled": true,
                        "type": "font",
                        "visible": true
                    },
                    "widget_palette": {
                        "enabled": true,
                        "type": "Palette",
                        "visible": true
                    },
                    "width": {
                        "enabled": true,
                        "type": "integer",
                        "value": 124,
                        "visible": true
                    },
                    "x": {
                        "enabled": true,
                        "type": "integer",
                        "value": 600,
                        "visible": true
                    },
                    "y": {
                        "enabled": true,
                        "type": "integer",
                        "value": 191,
                        "visible": true
                    }
                },
                "type": "LabelWidget"
            },
            {
                "properties": {
                    "__categories": [
                        {
                            "expanded": true,
                            "id": "widget",
                            "visible": true
                        },
                        {
                            "expanded": true,
                            "id": "textwidget",
                            "visible": true
                        }
                    ],
                    "__groups": [
                        {
                            "expanded": false,
                            "id": "position",
                            "visible": true
                        },
                        {
                            "expanded": false,
                            "id": "size",
                            "visible": true
                        },
                        {
                            "expanded": false,
                            "id": "alignment",
                            "visible": true
                        },
                        {
                            "expanded": false,
                            "id": "text_alignment",
                            "visible": true
                        }
                    ],
                    "autoresize": {
                        "enabled": true,
                        "type": "boolean",
                        "value": true,
                        "visible": true
                    },
                    "border": {
                        "enabled": true,
                        "type": "integer",
                        "value": 0,
                        "visible": true
                    },
                    "border_radius": {
                        "enabled": true,
                        "type": "float",
                        "value": 0,
                        "visible": true
                    },
                    "editorExpanded": {
                        "enabled": true,
                        "type": "boolean",
                        "value": true,
                        "visible": true
                    },
                    "editorHidden": {
                        "enabled": true,
                        "type": "boolean",
                        "value": false,
                        "visible": true
                    },
                    "editorLocked": {
                        "enabled": true,
                        "type": "boolean",
                        "value": false,
                        "visible": true
                    },
                    "enabled": {
                        "enabled": true,
                        "type": "boolean",
                        "value": true,
                        "visible": true
                    },
                    "grabmouse": {
                        "enabled": true,
                        "type": "boolean",
                        "value": false,
                        "visible": true
                    },
                    "halign": {
                        "enabled": true,
                        "type": "combo",
                        "value": 0,
                        "visible": true
                    },
                    "height": {
                        "enabled": true,
                        "type": "integer",
                        "value": 59,
                        "visible": true
                    },
                    "id": {
                        "enabled": true,
                        "type": "uuid",
                        "value": "{02d6bd12-0167-4c19-b14b-85e7d0f74f92}",
                        "visible": true
                    },
                    "layout": {
                        "enabled": true,
                        "type": "boolean",
                        "value": true,
                        "visible": true
                    },
                    "margin": {
                        "enabled": true,
                        "type": "integer",
                        "value": 0,
                        "visible": true
                    },
                    "name": {
                        "enabled": true,
                        "type": "text",
                        "value": "Status_if_checkedout",
                        "visible": true
                    },
                    "padding": {
                        "enabled": true,
                        "type": "integer",
                        "value": 0,
                        "visible": true
                    },
                    "text": {
                        "enabled": true,
                        "type": "text",
                        "value": "Name if Checked Out",
                        "visible": true
                    },
                    "text_halign": {
                        "enabled": true,
                        "type": "combo",
                        "value": 1,
                        "visible": true
                    },
                    "text_valign": {
                        "enabled": true,
                        "type": "combo",
                        "value": 1,
                        "visible": true
                    },
                    "valign": {
                        "enabled": true,
                        "type": "combo",
                        "value": 0,
                        "visible": true
                    },
                    "visible": {
                        "enabled": true,
                        "type": "boolean",
                        "value": true,
                        "visible": true
                    },
                    "widget_fillflags": {
                        "enabled": true,
                        "type": "combo",
                        "value": 0,
                        "visible": true
                    },
                    "widget_font": {
                        "enabled": true,
                        "type": "font",
                        "visible": true
                    },
                    "widget_palette": {
                        "enabled": true,
                        "type": "Palette",
                        "visible": true
                    },
                    "width": {
                        "enabled": true,
                        "type": "integer",
                        "value": 160,
                        "visible": true
                    },
                    "x": {
                        "enabled": true,
                        "type": "integer",
                        "value": 583,
                        "visible": true
                    },
                    "y": {
                        "enabled": true,
                        "type": "integer",
                        "value": 97,
                        "visible": true
                    }
                },
                "type": "LabelWidget"
            }
        ],
        "properties": {
            "__categories": [
                {
                    "expanded": true,
                    "id": "widget",
                    "visible": true
                },
                {
                    "expanded": true,
                    "id": "window",
                    "visible": true
                }
            ],
            "__groups": [
                {
                    "expanded": true,
                    "id": "position",
                    "visible": true
                },
                {
                    "expanded": true,
                    "id": "size",
                    "visible": true
                },
                {
                    "expanded": true,
                    "id": "alignment",
                    "visible": true
                }
            ],
            "autoresize": {
                "enabled": true,
                "type": "boolean",
                "value": false,
                "visible": true
            },
            "border": {
                "enabled": true,
                "type": "integer",
                "value": 0,
                "visible": true
            },
            "border_radius": {
                "enabled": true,
                "type": "float",
                "value": 0,
                "visible": true
            },
            "editorExpanded": {
                "enabled": true,
                "type": "boolean",
                "value": true,
                "visible": true
            },
            "editorHidden": {
                "enabled": true,
                "type": "boolean",
                "value": false,
                "visible": true
            },
            "editorLocked": {
                "enabled": true,
                "type": "boolean",
                "value": false,
                "visible": true
            },
            "enabled": {
                "enabled": true,
                "type": "boolean",
                "value": true,
                "visible": true
            },
            "grabmouse": {
                "enabled": true,
                "type": "boolean",
                "value": false,
                "visible": true
            },
            "halign": {
                "enabled": true,
                "type": "combo",
                "value": 0,
                "visible": true
            },
            "height": {
                "enabled": true,
                "type": "integer",
                "value": 480,
                "visible": true
            },
            "id": {
                "enabled": true,
                "type": "uuid",
                "value": "{29ec506c-d942-40b7-985e-a555faacf217}",
                "visible": true
            },
            "layout": {
                "enabled": true,
                "type": "boolean",
                "value": false,
                "visible": true
            },
            "margin": {
                "enabled": true,
                "type": "integer",
                "value": 0,
                "visible": true
            },
            "name": {
                "enabled": true,
                "type": "text",
                "value": "Window1",
                "visible": true
            },
            "padding": {
                "enabled": true,
                "type": "integer",
                "value": 0,
                "visible": true
            },
            "pixel_format": {
                "enabled": true,
                "type": "combo",
                "value": 1,
                "visible": true
            },
            "valign": {
                "enabled": true,
                "type": "combo",
                "value": 0,
                "visible": true
            },
            "visible": {
                "enabled": true,
                "type": "boolean",
                "value": true,
                "visible": true
            },
            "widget_fillflags": {
                "enabled": true,
                "type": "combo",
                "value": 1,
                "visible": true
            },
            "widget_font": {
                "enabled": true,
                "type": "font",
                "visible": true
            },
            "widget_palette": {
                "enabled": true,
                "type": "Palette",
                "visible": true
            },
            "width": {
                "enabled": true,
                "type": "integer",
                "value": 800,
                "visible": true
            },
            "window_hint": {
                "enabled": true,
                "type": "combo",
                "value": 0,
                "visible": true
            },
            "x": {
                "enabled": true,
                "type": "integer",
                "value": 0,
                "visible": true
            },
            "y": {
                "enabled": true,
                "type": "integer",
                "value": 0,
                "visible": true
            }
        },
        "type": "ScreenWindowWidget"
    }
}
