{
    "properties": {
        "__categories": [
            {
                "expanded": true,
                "id": "screen",
                "visible": true
            }
        ],
        "__groups": [
        ],
        "id": {
            "enabled": true,
            "type": "uuid",
            "value": "{6134432c-7f9d-4339-8dd1-fcdae22d9e9e}",
            "visible": true
        },
        "name": {
            "enabled": true,
            "type": "text",
            "value": "Screen1",
            "visible": true
        }
    },
    "startup": false,
    "window": {
        "children": [
        ],
        "properties": {
            "__categories": [
                {
                    "expanded": true,
                    "id": "widget",
                    "visible": true
                },
                {
                    "expanded": true,
                    "id": "window",
                    "visible": true
                }
            ],
            "__groups": [
                {
                    "expanded": false,
                    "id": "position",
                    "visible": true
                },
                {
                    "expanded": false,
                    "id": "size",
                    "visible": true
                },
                {
                    "expanded": false,
                    "id": "alignment",
                    "visible": true
                }
            ],
            "autoresize": {
                "enabled": true,
                "type": "boolean",
                "value": true,
                "visible": true
            },
            "border": {
                "enabled": true,
                "type": "integer",
                "value": 0,
                "visible": true
            },
            "border_radius": {
                "enabled": true,
                "type": "float",
                "value": 0,
                "visible": true
            },
            "editorExpanded": {
                "enabled": true,
                "type": "boolean",
                "value": true,
                "visible": true
            },
            "editorHidden": {
                "enabled": true,
                "type": "boolean",
                "value": false,
                "visible": true
            },
            "editorLocked": {
                "enabled": true,
                "type": "boolean",
                "value": false,
                "visible": true
            },
            "enabled": {
                "enabled": true,
                "type": "boolean",
                "value": true,
                "visible": true
            },
            "grabmouse": {
                "enabled": true,
                "type": "boolean",
                "value": false,
                "visible": true
            },
            "halign": {
                "enabled": true,
                "type": "combo",
                "value": 0,
                "visible": true
            },
            "height": {
                "enabled": true,
                "type": "integer",
                "value": 480,
                "visible": true
            },
            "id": {
                "enabled": true,
                "type": "uuid",
                "value": "{5c672b98-9c62-4bc5-85ff-586014943011}",
                "visible": true
            },
            "layout": {
                "enabled": true,
                "type": "boolean",
                "value": true,
                "visible": true
            },
            "margin": {
                "enabled": true,
                "type": "integer",
                "value": 0,
                "visible": true
            },
            "name": {
                "enabled": true,
                "type": "text",
                "value": "Window10",
                "visible": true
            },
            "padding": {
                "enabled": true,
                "type": "integer",
                "value": 0,
                "visible": true
            },
            "pixel_format": {
                "enabled": true,
                "type": "combo",
                "value": 1,
                "visible": true
            },
            "valign": {
                "enabled": true,
                "type": "combo",
                "value": 0,
                "visible": true
            },
            "visible": {
                "enabled": true,
                "type": "boolean",
                "value": false,
                "visible": true
            },
            "widget_fillflags": {
                "enabled": true,
                "type": "combo",
                "value": 1,
                "visible": true
            },
            "widget_font": {
                "enabled": true,
                "type": "font",
                "visible": true
            },
            "widget_palette": {
                "enabled": true,
                "type": "Palette",
                "visible": true
            },
            "width": {
                "enabled": true,
                "type": "integer",
                "value": 800,
                "visible": true
            },
            "window_hint": {
                "enabled": true,
                "type": "combo",
                "value": 0,
                "visible": true
            },
            "x": {
                "enabled": true,
                "type": "integer",
                "value": 0,
                "visible": true
            },
            "y": {
                "enabled": true,
                "type": "integer",
                "value": 0,
                "visible": true
            }
        },
        "type": "ScreenWindowWidget"
    }
}
